 Cement(kg/m3), Water(kg/m3),Coarse aggregate(kg/m3),Fine aggregate(kg/m3), FA (kg/m3),SF (kg/m3),GGBFS (kg/m3),SP (kg/m3),Chloride permeability (Coulomb) 28d,Chloride_permeability_class
436.5,200,778,880,0,18,0,6.7,5183,high
418.5,200,774,875,0,36,0,7.5,966,very low
400,200,771,870,0,54.5,0,8,560,very low
337,200,774,874,0,36,81.5,6.7,614,very low
373,200,778,878,81.5,0,0,5.82,3810,moderate
291,200,773,872,163.5,0,0,6.35,3240,moderate
209.5,200,772,871,163.5,0,81.5,5.5,1326,low
373,200,772,872,81.5,0,0,4.67,4901,high
291,200,762,859,163.5,0,0,4.36,4159,high
209.5,200,761,858,163.5,0,81.5,4.31,4204,high
373,200,781,881,0,0,81.5,5.35,2520,moderate
255.5,200,769,868,81.5,36,81.5,7,511,very low
674.4,187.4,1058.8,453.3,75,0,0,3.4,900,very low
594.4,185.8,1049.4,449.3,148.6,0,0,3,886,very low
515.7,184.2,1040.5,445.5,221,0,0,2.3,902,very low
438.2,182.6,1031.4,441.6,292.1,0,0,2,959,very low
362,181,1022.4,437.7,362,0,0,1.8,988,very low
300,180,595,958,300,0,0,1.5,2000,moderate
240,180,595,933,360,0,0,1.02,1850,low
180,180,595,908,420,0,0,0.72,1830,low
570,180,595,1072,0,30,0,7.98,600,very low
540,180,595,1059,0,60,0,8.58,380,very low
300,180,595,958,270,30,0,2.22,610,very low
240,180,595,933,330,30,0,1.8,690,very low
180,180,595,908,390,30,0,1.2,990,very low
300,180,595,958,240,60,0,3.6,500,very low
240,180,595,933,300,60,0,2.88,510,very low
180,180,595,908,360,60,0,2.28,515,very low
257,180,621,1023,257,0,0,1.3364,3100,moderate
206,180,621,1001,309,0,0,0.9766,2500,moderate
154,180,621,980,360,0,0,0.6682,2470,moderate
489,180,621,1120,0,26,0,8.224,1100,low
463,180,621,1110,0,51,0,8.995,570,very low
257,180,621,1023,231,26,0,2.056,1100,low
206,180,621,1001,283,26,0,1.6448,1450,low
154,180,621,980,334,26,0,1.1308,2000,moderate
257,180,621,1023,206,51,0,3.1868,960,very low
206,180,621,1001,257,51,0,2.57,750,very low
154,180,621,980,309,51,0,2.056,1380,low
225,180,640,1072,225,0,0,1.17,3560,moderate
180,180,640,1053,270,0,0,0.945,3200,moderate
135,180,640,1034,315,0,0,0.585,2830,moderate
428,180,640,1157,0,23,0,8.55,1660,low
405,180,640,1147,0,45,0,9.45,750,very low
225,180,640,1072,203,23,0,1.935,910,very low
180,180,640,1053,248,23,0,1.53,1760,low
135,180,640,1034,293,23,0,1.26,2080,moderate
225,180,640,1072,180,45,0,2.88,1000,low
180,180,640,1053,225,45,0,2.34,1000,low
135,180,640,1034,270,45,0,2.07,1570,low
175,210,952,883,0,0,175,0,703,very low
176,211,940,872,176,0,0,0,926,very low
176,211,951,881,88,0,88,0,660,very low
222,168,945,876,0,0,222,4.5,395,very low
221,167,921,855,221,0,0,3.4,531,very low
222,168,933,865,111,0,111,4.7,387,very low
437,204,785,908,51,26,0,10.28,740,very low
424,204,785,908,51,39,0,10.28,748,very low
411,204,785,908,51,51,0,10.26,747,very low
411,204,785,908,77,26,0,10.28,679,very low
398,204,785,908,77,39,0,10.28,678,very low
386,204,785,908,77,51,0,10.28,677,very low
386,204,785,908,103,26,0,10.3,598,very low
373,204,785,908,103,39,0,10.3,560,very low
360,204,785,908,103,51,0,10.28,530,very low
360,204,785,908,129,26,0,10.3,480,very low
347,204,785,908,129,39,0,10.3,450,very low
334,204,785,908,129,51,0,10.28,435,very low
334,204,785,908,154,26,0,10.28,397,very low
321,204,785,908,154,39,0,10.28,400,very low
308,204,785,908,154,51,0,10.26,402,very low
250,125,1083.4,722.3,250,0,0,11,1422,low
250,125,1093,728.7,125,0,125,11,1435,low
250,125,1088.2,725.4,100,50,100,11,1407,low
125,125,1060.8,707.2,375,0,0,11,1445,low
125,125,1075.2,716.8,187.5,0,187.5,11,1440,low
125,125,1068,712,150,75,150,11,1419,low
262.5,175,1025,832,0,0,87.5,3.5,1099,low
175,175,1021,830,0,0,175,3.5,649,very low
200,90,1014,740,200,0,0,0.5,1154,low
200,90,1014,739,192,8,0,0.6,891,very low
200,90,1014,774,0,0,200,1.4,1049,low
200,90,1014,771,0,8,192,1.7,946,very low
409.5,155.61,874,874,0,10.5,0,2.016,3200,moderate
399,151.62,872,872,0,21,0,2.016,2100,moderate
388.5,147.63,870,870,0,31.5,0,2.016,1500,low
378,143.64,869,869,0,42,0,2.016,1100,low
357,135.66,873,873,0,0,63,2.016,6100,high
294,111.72,870,870,0,0,126,2.016,5950,high
210,79.8,866,866,0,0,210,2.016,5100,high
346.5,131.67,872,872,0,10.5,63,2.016,4550,high
336,127.68,870,870,0,21,63,2.016,5000,high
325.5,123.69,868,868,0,31.5,63,2.016,2285,moderate
283.5,107.73,869,869,0,10.5,126,2.016,3950,moderate
273,103.74,867,867,0,21,126,2.016,3500,moderate
262.5,99.75,865,865,0,31.5,126,2.016,2100,moderate
199.5,75.81,865,865,0,10.5,210,2.016,3290,moderate
189,71.82,863,863,0,21,210,2.016,2080,moderate
178.5,67.83,861,861,0,31.5,210,2.016,1990,low
160,130,1115,770,127,0,0,2.296,5350,high
144,129,1115,770,127,0,16,2.296,5070,high
127,127,1115,770,127,0,32,2.288,4850,high
111,128,1115,770,127,0,47,2.28,4030,high
94,128,1115,770,127,0,63,2.272,3930,moderate
78,128,1115,770,127,0,78,2.264,3430,moderate
158,105,1115,770,127,0,68,2.824,2200,moderate
140,114,1115,770,127,0,60,2.616,3500,moderate
124,122,1115,770,127,0,53,2.432,3980,moderate
111,128,1115,770,127,0,47,2.28,4060,high
99,133,1115,770,127,0,42,2.144,4260,high
273.125,190,754,939,47.5,11.875,142.5,1.1875,401,very low
249.375,190,750.2,934.1,71.25,11.875,142.5,1.1875,288,very low
225.625,190,752.5,937.1,47.5,11.875,190,1.1875,255,very low
154.375,190,746.8,930,71.25,11.875,237.5,1.425,196,very low
142.5,190,746.1,929.1,71.25,23.75,237.5,1.6625,162,very low
130.625,190,742.9,925.1,95,11.875,237.5,1.425,400,very low
118.75,180.5,742.2,924.2,71.25,23.75,237.5,1.579375,260,very low
106.875,190,741.7,923.7,95,35.625,237.5,1.6625,465,very low
273.125,190,697.1,921.6,47.5,11.875,142.5,1.1875,428,very low
249.375,190,685.2,905.9,71.25,11.875,142.5,1.1875,415,very low
225.625,190,695.7,919.7,47.5,11.875,190,1.1875,419,very low
154.375,190,690.4,912.7,71.25,11.875,237.5,1.425,341,very low
142.5,190,689.8,911.9,71.25,23.75,237.5,1.6625,300,very low
130.625,190,686.8,908,95,11.875,237.5,1.425,480,very low
118.75,180.5,686.4,907.4,71.25,23.75,237.5,1.579375,300,very low
106.875,190,685.8,906.6,95,35.625,237.5,1.6625,512,very low
384.85,151.35,1144.6,706.5,0,47.57,0,5.19,440,very low
371.88,151.35,1152.31,711.22,0,0,60.54,4.76,470,very low
666,152,1103,523,0,0,74,8.88,515,very low
592,152,1100,522,0,0,148,8.88,485,very low
518,152,1097,520,0,0,222,8.88,455,very low
444,152,1094,519,0,0,296,8.88,445,very low
370,152,1091,518,0,0,370,8.88,415,very low
696,152,1099,522,0,44.4,0,8.88,474,very low
681,152,1092,518,0,59,0,8.88,432,very low
666,152,1085,515,0,74,0,8.88,385,very low
651,151,1081,513,0,89,0,8.88,335,very low
629,151,1075,510,0,111,0,8.88,290,very low
607,151,1069,507,0,133,0,8.88,260,very low
577,151,1078,511,0,89,74,8.88,370,very low
503,151,1075,510,0,89,148,8.88,325,very low
429,151,1072,509,0,89,222,8.88,297,very low
355,151,1069,507,0,89,296,8.88,265,very low
281,151,1066,506,0,89,370,8.88,246,very low
504.8,185.5,797.5,886.6,0,10.302,0,11.332244,1096,low
494.5,185.5,796,884.9,0,20.604,0,11.332288,1060,low
484.2,185.5,794.5,883.2,0,30.906,0,11.332332,1030,low
473.9,185.5,793,881.6,0,41.208,0,11.332376,1000,low
463.6,185.5,791.5,879.9,0,51.51,0,11.33242,955,very low
499.7,185.5,776.1,862.8,15.453,0,0,11.333366,1330,low
484.2,185.5,753.2,837.4,30.906,0,0,11.332332,1300,low
430.1,185.5,746.8,830.2,84.9915,0,0,11.332013,1275,low
401.8,185.5,729.4,810.9,113.322,0,0,11.332684,1210,low
373.5,185.5,712,791.6,141.6525,0,0,11.333355,1200,low
345.1,185.5,694.6,772.2,169.983,0,0,11.331826,1198,low
316.8,185.5,677.2,752.9,198.3135,0,0,11.332497,1185,low
288.5,185.5,659.8,733.5,226.644,0,0,11.333168,1151,low
231.8,185.5,625,694.9,283.305,0,0,11.33231,1150,low
360,180,868,941,40,0,0,0,3600,moderate
320,180,865,937,80,0,0,0,3950,moderate
280,180,852,933,120,0,0,0,4300,high
380,180,869,941,0,20,0,0,1970,low
360,180,865,937,0,40,0,0,1500,low
340,180,863,935,40,20,0,0,2400,moderate
280,180,861,932,80,20,0,0,2700,moderate
260,180,858,930,120,20,0,0,3350,moderate
350,190,876,830,150,0,0,9.1,1250,low
300,200,860,845,200,0,0,9,1240,low
250,210,856,856,250,0,0,8.6,1200,low
409.5,159.6,869,869,0,10.5,0,2.016,3200,moderate
399,159.6,868,868,0,21,0,2.142,2200,moderate
388.5,159.6,865,865,0,31.5,0,2.268,1500,low
378,159.6,869,869,0,42,0,2.352,1250,low
357,159.6,865,865,63,0,0,1.638,4230,high
294,159.6,855,855,126,0,0,1.26,4400,high
346.5,159.6,864,864,63,10.5,0,1.68,3880,moderate
336,159.6,861,861,63,21,0,1.764,2480,moderate
325.5,159.6,860,860,63,31.5,0,1.89,1700,low
283.5,159.6,853,853,126,10.5,0,1.344,3700,moderate
273,159.6,851,851,126,21,0,1.386,3650,moderate
262.5,159.6,849,849,126,31.5,0,1.428,3700,moderate
675,225,570,688,75,0,0,8.25,2662,moderate
600,225,570,688,150,0,0,8.25,1450,low
712.5,225,570,688,0,37.5,0,11.25,1064,low
675,225,570,688,0,75,0,11.25,842,very low
600,225,570,688,112.5,37.5,0,9.75,926,very low
525,225,570,688,187.5,37.5,0,9.75,855,very low
406,189,784.4,987.1,0,22,22,1.57,450,very low
406,189,655.7,987.1,0,22,22,1.57,790,very low
360,189,780.2,982.4,0,45,45,1.8,160,very low
360,189,652.7,982.4,0,45,45,1.8,500,very low
315,189,779.2,981.2,0,45,90,1.8,100,very low
315,189,651.7,981.2,0,45,90,1.8,397,very low
270,189,778,979.4,0,45,135,1.8,99,negligible
270,189,650.7,979.4,0,45,135,1.8,300,very low
225,189,776.8,977.9,0,45,180,2.02,99,negligible
225,189,649.7,977.9,0,45,180,2.02,220,very low
180,189,775.6,976.3,0,45,225,2.02,98,negligible
180,189,648.6,976.3,0,45,225,2.02,220,very low
135,189,773.2,973.3,0,45,270,2.02,101,very low
135,189,646.6,973.3,0,45,270,2.02,230,very low
300,160,1137,741,0,0,100,0,2465,moderate
300,160,1246,741,0,0,100,0,2508,moderate
300,160,1356,741,0,0,100,0,2594,moderate
